,1,"Joshua Belanger","c c",
,1,"Joshua Belanger","b b",
,1,"Joshua Belanger","a ",
,2,"Tim Baker","Tim BakerC",timbone945@gmail.com
2011-09-25,2,"Tim Baker","Tim Baker",timbone945@gmail.com
,2,"Tim Baker","Tim BakerB",timbone945@gmail.com
,3,"Orville Reddenbocker","Marty McFly",joshua.e.mcgrath@gmail.com
,3,"Orville Reddenbocker","George McFly",joshua.e.mcgrath@gmail.com
,38,"Zev Eisenberg","ZevTwo Eisenberg",igeek1@gmail.com
,38,"Zev Eisenberg","ZevOne Eisenberg",igeek1@gmail.com
,38,"Zev Eisenberg","ZevThree Eisenberg",igeek1@gmail.com
,4,"Mike D Scott","tim carrier",
,4,"Mike D Scott","sally  field",
,4,"Mike D Scott","pete davis",
,5,"tim baker","CYes C",timbone945@gmail.com
,5,"tim baker","ASend A",timbone945@gmail.com
,5,"tim baker","BNo B",timbone945@gmail.com
,62,"George ","tim baker",timbone945@gmail.com
,62,"George ","d s",
,62,"George ","t ds",
,69,"Pablo P Escobar","John Mcenroe",
,69,"Pablo P Escobar","Josh Komusin",joshua.komusin@umit.maine.edu
,69,"Pablo P Escobar","Steve Buscemi",
